{"cameraMode":{"drawMode":0,"name":"Shaded","section":"Shading Mode"},"sceneLighting":false,"audioPlay":false,"sceneViewState":{"m_AlwaysRefresh":false,"showFog":false,"showSkybox":false,"showFlares":false,"showImageEffects":false,"showParticleSystems":false,"showVisualEffectGraphs":true,"m_FxEnabled":true},"in2DMode":false,"pivot":{"x":0.00034809112548828125,"y":1.5217787027359009,"z":0.004658877849578857},"rotation":{"x":0.09670975804328919,"y":0.5851445198059082,"z":-0.07055632770061493,"w":0.8020421862602234},"size":2.379101276397705,"orthographic":false}